<?xml version='1.0' encoding='utf-8'?>
<!DOCTYPE hibernate-configuration PUBLIC
    "-//Hibernate/Hibernate Configuration DTD//EN"
    "http://www.hibernate.org/dtd/hibernate-configuration-3.0.dtd">
<hibernate-configuration>
  <session-factory>
    <property name="connection.driver_class">
      org.postgresql.Driver
    </property>
    <property name="connection.url">
      jdbc:postgresql://127.0.0.1:5432/my_postgre
    </property>
    <property name="connection.username">postgres</property>
    <property name="connection.password">123</property>


    <!-- JDBC connection pool (use the built-in) -->
    <property name="connection.pool_size">1</property>

    <!-- SQL dialect -->
    <property name="dialect">
      org.hibernate.dialect.PostgreSQL95Dialect
    </property>

    <!-- Enable Hibernate's automatic session context management -->
    <property name="current_session_context_class">thread</property>

    <!-- Disable the second-level cache
    <property name="cache.provider_class">
        org.hibernate.cache.internal.NoCacheProvider
    </property>-->

    <!-- Echo all executed SQL to stdout -->
    <property name="show_sql">false</property>

    <!-- Drop and re-create the database schema on startup -->
    <property name="hbm2ddl.auto">update</property>

    <!-- <mapping resource="com/hik/gss/sys/domain/User.hbm.xml" />-->

    <mapping class="com.lhz.model.User"/>
    <mapping class="com.lhz.model.Voter"/>
  </session-factory>
</hibernate-configuration>