<?xml version="1.0" encoding="UTF-8"?>
<beans xmlns="http://www.springframework.org/schema/beans"
       xmlns:xsi="http://www.w3.org/2001/XMLSchema-instance"
       xmlns:context="http://www.springframework.org/schema/context"
       xmlns:mvc="http://www.springframework.org/schema/mvc"
       xsi:schemaLocation="http://www.springframework.org/schema/beans
       http://www.springframework.org/schema/beans/spring-beans.xsd
       http://www.springframework.org/schema/context
       http://www.springframework.org/schema/context/spring-context.xsd http://www.springframework.org/schema/mvc http://www.springframework.org/schema/mvc/spring-mvc.xsd">


    <mvc:annotation-driven/>

    <bean id="dataSource" class="org.springframework.jdbc.datasource.DriverManagerDataSource">
        <property name="driverClassName" value="org.postgresql.Driver"/>
        <property name="url" value="jdbc:postgresql://127.0.0.1:5432/my_postgre"/>
        <property name="username" value="postgres"/>
        <property name="password" value="123"/>
    </bean>

    <bean id="sessionFactory" class="org.springframework.orm.hibernate4.LocalSessionFactoryBean">
        <property name="dataSource" ref="dataSource"/>
        <property name="hibernateProperties" value="hibernate.cfg.xml"/>
    </bean>

    <bean id="voteService" class="com.lhz.service.VoteServiceImpl"/>
    <bean id="userService" class="com.lhz.service.UserServiceImpl"/>
    <bean id="loginService" class="com.lhz.service.LoginServiceImpl"/>

    <bean id="loginDao" class="com.lhz.dao.LoginDaoImpl"/>
    <bean id="userDao" class="com.lhz.dao.UserDaoImpl"/>
    <bean id="voteDao" class="com.lhz.dao.VoteDaoImpl"/>

    <!--对模型视图名称的解析，即在模型视图名称添加前后缀 -->
    <bean class="org.springframework.web.servlet.view.InternalResourceViewResolver" >
        <property name="prefix" value="/"> </property>
        <!-- 视图文件的前缀 -->
        <property name="suffix" value=".jsp"> </property>
        <!-- 视图文件的后缀名 -->
        <!--<property name="viewClass" value="org.springframework.web.servlet.view.JstlView"> </property>
         view是用什么显示，这里是jsp，还可以用velocity之类的 -->
    </bean>

    <!-- 对web包中的所有类进行扫描，以完成Bean创建和自动依赖注入的功能 -->
    <context:component-scan base-package="com.lhz" annotation-config="true"/>

</beans>